 {
  "credit_cards_handle": {
	"config":{
		"version": "",
		"issuer_id": "",
		"issuer_name": "",
		"type":"update",
		"sub_type":"schema"
	},
	"data":{
		"feedx_card_id": "",
		"feedx_brand_name": "",
		"feedx_custom_brand_name": "",
		"feedx_credit_needed": "",
		"feedx_marketing_copy": "",
		"feedx_purchase_intro_rate": "",
		"feedx_purchase_intro_rate_duration": "",
		"feedx_balance_transfer_intro_rate": "",
		"feedx_balance_transfer_intro_rate_duration": "",
		"feedx_regular_apr_range": "",
		"feedx_annual_fees_cur": "",
		"feedx_card_image": "",
		"feedx_brand_tracking_link": "",
		"feedx_regular_apr_range": "",
		"feedx_purchase_penalty_apr": "",
		"feedx_processing_network": "",
		"feedx_balance_transaction_fee": "",
		"feedx_cash_advance_apr": "",
		"feedx_cash_advance_fee": "",
		"feedx_foreign_transaction_fee": ""
	}
  }
}            
